id,case_num,pn_num,feature_num,annotation,location,raw_annotations,new_annotation,pn_history,feature_text,new_lens,right_annot
00016_000,0,16,0,['dad with recent heart attcak'],['696 724'],[['dad with recent heart attcak']],['dad with recent heart attack'],"HPI: 17yo M presents with palpitations. Patient reports 3-4 months of intermittent episodes of ""heart beating/pounding out of my chest."" 2 days ago during a soccer game had an episode, but this time had chest pressure and felt as if he were going to pass out (did not lose conciousness). Of note patient endorses abusing adderall, primarily to study (1-3 times per week). Before recent soccer game, took adderrall night before and morning of game. Denies shortness of breath, diaphoresis, fevers, chills, headache, fatigue, changes in sleep, changes in vision/hearing, abdominal paun, changes in bowel or urinary habits. 
PMHx: none
Rx: uses friends adderrall
FHx: mom with ""thyroid disease,"" dad with recent heart attcak
All: none
Immunizations: up to date
SHx: Freshmen in college. Endorses 3-4 drinks 3 nights / week (on weekends), denies tabacco, endorses trying marijuana. Sexually active with girlfriend x 1 year, uses condoms",Family-history-of-MI-OR-Family-history-of-myocardial-infarction,[[28]],2
00016_006,0,16,6,"['adderall', 'adderrall', 'adderrall']","['321 329', '404 413', '652 661']","[['adderall'], ['adderrall'], ['adderrall']]","['adderall', 'adderall', 'adderall']","HPI: 17yo M presents with palpitations. Patient reports 3-4 months of intermittent episodes of ""heart beating/pounding out of my chest."" 2 days ago during a soccer game had an episode, but this time had chest pressure and felt as if he were going to pass out (did not lose conciousness). Of note patient endorses abusing adderall, primarily to study (1-3 times per week). Before recent soccer game, took adderrall night before and morning of game. Denies shortness of breath, diaphoresis, fevers, chills, headache, fatigue, changes in sleep, changes in vision/hearing, abdominal paun, changes in bowel or urinary habits. 
PMHx: none
Rx: uses friends adderrall
FHx: mom with ""thyroid disease,"" dad with recent heart attcak
All: none
Immunizations: up to date
SHx: Freshmen in college. Endorses 3-4 drinks 3 nights / week (on weekends), denies tabacco, endorses trying marijuana. Sexually active with girlfriend x 1 year, uses condoms",Adderall-use,"[[8], [8], [8]]",2
00046_004,0,46,4,['light headedness'],['552 568'],[['light headedness']],['light headdress'],"Mr. Cleveland is a 17yo M who was consented by parents to be alone today and provide information.  He has no notable PMH and presented today with palpitations that have been occurring sporadically for 2-3 months.  He started college 7-8 months ago and described feelings of nervousness and anxiousness with starting school and exams.  He endorses using his roommates prescription adderall to study for tests and this coincides with the palpitations at times.  Nothing makes his palpitations worse or better when they occur.  ROS is negative except for light headedness and SOB.  He has not had any cold/heat intolerance, diarrhea, changes in voiding habits, or weight loss.  Worried about being able to play basketball.

Meds:  Adderall from his roommate
PMH:  none
PSH:  none
All:  NKDA
Family:  mom: thyroid issues, father: heart attack
social:  no tob, occ EtOH, no illicits
sex:  with gf, use condoms
diet:  good
exercise:  basketball",Lightheaded,[[15]],[['lightheaddedness']]
00082_004,0,82,4,['light headedness'],['254 270'],[['light headedness']],['light headdress'],"17 yo M w/ no cardiac or arrhythmia PMH presents complaining of 3 months of episodic heart pounding.  Pt reports sensation of heart racing and pounding out of chest about 5-6 times total over the past 3 months.  THis last episode the patient experienced light headedness and had some shortness of breath.  Pt is a college student and has recently began to ""share"" his roommates prescribed aderall approx 2 tabs/week over this time.  Pt does not report any adverse effects of the aderall and reports it has helped him study.  No changes in weight, dizziness, changes in appetite, fevers or chills.  PMH none, PSH none, FHx Father MI, Mom thyroid problem.  Meds none accept aderall (not prescribed) Social: college student in philosophy, 2-3 alcoholic drinks/week, does not smoke, tried marijuana once.  Sexually active w/ 1 female partner uses condoms.  ROS negative accept above.",Lightheaded,[[15]],2
